{
    "$schema": "https://schema.management.azure.com/schemas/2015-01-01/deploymentParameters.json#",
    "contentVersion": "1.0.0.0",
    "parameters": {
        "sites_GIFIBOT0_name": {
            "value": null
        },
        "serverfarms_GIFIBOT0_name": {
            "value": null
        },
        "sites_gifibot0_bot_bfd9_name": {
            "value": null
        },
        "servers_winterhackgifi120_name": {
            "value": null
        },
        "components_GIFIBOT0_ai_name": {
            "value": null
        },
        "vaults_winterhackClaves_name": {
            "value": null
        },
        "botServices_gifibot0_bot_name": {
            "value": null
        },
        "accounts_GIFIBOT0_name": {
            "value": null
        },
        "storageAccounts_sqlva55575gaexhqak_name": {
            "value": null
        },
        "storageAccounts_sqlvaakxgkffxeaq5s_name": {
            "value": null
        },
        "searchServices_gifibot0_assqpkereinpahm_name": {
            "value": null
        },
        "actionGroups_Application_Insights_Smart_Detection_name": {
            "value": null
        },
        "smartdetectoralertrules_failure_anomalies___gifibot_ai_name": {
            "value": null
        },
        "smartdetectoralertrules_failure_anomalies___gifibot0_ai_name": {
            "value": null
        },
        "components_gifibot_ai_externalid": {
            "value": null
        }
    }
}