{
    "$schema": "https://schema.management.azure.com/schemas/2019-04-01/deploymentTemplate.json#",
    "contentVersion": "1.0.0.0",
    "parameters": {
        "sites_GIFIBOT0_name": {
            "defaultValue": "GIFIBOT0",
            "type": "String"
        },
        "serverfarms_GIFIBOT0_name": {
            "defaultValue": "GIFIBOT0",
            "type": "String"
        },
        "sites_gifibot0_bot_bfd9_name": {
            "defaultValue": "gifibot0-bot-bfd9",
            "type": "String"
        },
        "servers_winterhackgifi120_name": {
            "defaultValue": "winterhackgifi120",
            "type": "String"
        },
        "components_GIFIBOT0_ai_name": {
            "defaultValue": "GIFIBOT0-ai",
            "type": "String"
        },
        "vaults_winterhackClaves_name": {
            "defaultValue": "winterhackClaves",
            "type": "String"
        },
        "botServices_gifibot0_bot_name": {
            "defaultValue": "gifibot0-bot",
            "type": "String"
        },
        "accounts_GIFIBOT0_name": {
            "defaultValue": "GIFIBOT0",
            "type": "String"
        },
        "storageAccounts_sqlva55575gaexhqak_name": {
            "defaultValue": "sqlva55575gaexhqak",
            "type": "String"
        },
        "storageAccounts_sqlvaakxgkffxeaq5s_name": {
            "defaultValue": "sqlvaakxgkffxeaq5s",
            "type": "String"
        },
        "searchServices_gifibot0_assqpkereinpahm_name": {
            "defaultValue": "gifibot0-assqpkereinpahm",
            "type": "String"
        },
        "actionGroups_Application_Insights_Smart_Detection_name": {
            "defaultValue": "Application Insights Smart Detection",
            "type": "String"
        },
        "smartdetectoralertrules_failure_anomalies___gifibot_ai_name": {
            "defaultValue": "failure anomalies - gifibot-ai",
            "type": "String"
        },
        "smartdetectoralertrules_failure_anomalies___gifibot0_ai_name": {
            "defaultValue": "failure anomalies - gifibot0-ai",
            "type": "String"
        },
        "components_gifibot_ai_externalid": {
            "defaultValue": "/subscriptions/119c29cc-7aac-4e34-a2dd-ab7c6bdaa584/resourceGroups/winterhack/providers/microsoft.insights/components/gifibot-ai",
            "type": "String"
        }
    },
    "variables": {},
    "resources": [
        {
            "type": "Microsoft.BotService/botServices",
            "apiVersion": "2021-05-01-preview",
            "name": "[parameters('botServices_gifibot0_bot_name')]",
            "location": "global",
            "sku": {
                "name": "S1"
            },
            "kind": "sdk",
            "properties": {
                "displayName": "[parameters('botServices_gifibot0_bot_name')]",
                "iconUrl": "https://docs.botframework.com/static/devportal/client/images/bot-framework-default.png",
                "endpoint": "[concat('https://', parameters('botServices_gifibot0_bot_name'), '-bfd9.azurewebsites.net/api/messages')]",
                "msaAppId": "d5a818ed-50aa-463b-a472-aeaf8fa9f69b",
                "luisAppIds": [],
                "isDeveloperAppInsightsApiKeySet": false,
                "isStreamingSupported": false,
                "schemaTransformationVersion": "1.3",
                "isCmekEnabled": false,
                "isIsolated": false,
                "disableLocalAuth": false,
                "cmekEncryptionStatus": "Off"
            }
        },
        {
            "type": "Microsoft.CognitiveServices/accounts",
            "apiVersion": "2021-10-01",
            "name": "[parameters('accounts_GIFIBOT0_name')]",
            "location": "westus",
            "tags": {
                "Recurso": "GIFIBot"
            },
            "sku": {
                "name": "S0"
            },
            "kind": "QnAMaker",
            "properties": {
                "apiProperties": {
                    "qnaRuntimeEndpoint": "https://gifibot0.azurewebsites.net"
                },
                "customSubDomainName": "gifibot0",
                "publicNetworkAccess": "Enabled"
            }
        },
        {
            "type": "microsoft.insights/actionGroups",
            "apiVersion": "2021-09-01",
            "name": "[parameters('actionGroups_Application_Insights_Smart_Detection_name')]",
            "location": "Global",
            "properties": {
                "groupShortName": "SmartDetect",
                "enabled": true,
                "emailReceivers": [],
                "smsReceivers": [],
                "webhookReceivers": [],
                "eventhubReceivers": [],
                "itsmReceivers": [],
                "azureAppPushReceivers": [],
                "automationRunbookReceivers": [],
                "voiceReceivers": [],
                "logicAppReceivers": [],
                "azureFunctionReceivers": [],
                "armRoleReceivers": [
                    {
                        "name": "Monitoring Contributor",
                        "roleId": "749f88d5-cbae-40b8-bcfc-e573ddc772fa",
                        "useCommonAlertSchema": true
                    },
                    {
                        "name": "Monitoring Reader",
                        "roleId": "43d0d8ad-25c7-4714-9337-8ba259a9fe05",
                        "useCommonAlertSchema": true
                    }
                ]
            }
        },
        {
            "type": "microsoft.insights/components",
            "apiVersion": "2020-02-02",
            "name": "[parameters('components_GIFIBOT0_ai_name')]",
            "location": "southcentralus",
            "tags": {
                "Recurso": "GIFIBot",
                "hidden-link:/subscriptions/119c29cc-7aac-4e34-a2dd-ab7c6bdaa584/resourceGroups/WinterHack/providers/Microsoft.Web/sites/GIFIBOT0": "Resource"
            },
            "kind": "web",
            "properties": {
                "Application_Type": "web",
                "RetentionInDays": 90,
                "IngestionMode": "ApplicationInsights",
                "publicNetworkAccessForIngestion": "Enabled",
                "publicNetworkAccessForQuery": "Enabled"
            }
        },
        {
            "type": "Microsoft.KeyVault/vaults",
            "apiVersion": "2021-06-01-preview",
            "name": "[parameters('vaults_winterhackClaves_name')]",
            "location": "southcentralus",
            "properties": {
                "sku": {
                    "family": "A",
                    "name": "Standard"
                },
                "tenantId": "4ae54b05-b77e-4224-aef1-8661422e0816",
                "accessPolicies": [
                    {
                        "tenantId": "4ae54b05-b77e-4224-aef1-8661422e0816",
                        "objectId": "0accc36b-4ce9-479b-92ff-ccbd3158a83a",
                        "permissions": {
                            "keys": [
                                "Get",
                                "List",
                                "Update",
                                "Create",
                                "Import",
                                "Delete",
                                "Recover",
                                "Backup",
                                "Restore"
                            ],
                            "secrets": [
                                "Get",
                                "List",
                                "Set",
                                "Delete",
                                "Recover",
                                "Backup",
                                "Restore"
                            ],
                            "certificates": [
                                "Get",
                                "List",
                                "Update",
                                "Create",
                                "Import",
                                "Delete",
                                "Recover",
                                "Backup",
                                "Restore",
                                "ManageContacts",
                                "ManageIssuers",
                                "GetIssuers",
                                "ListIssuers",
                                "SetIssuers",
                                "DeleteIssuers"
                            ]
                        }
                    }
                ],
                "enabledForDeployment": false,
                "enabledForDiskEncryption": false,
                "enabledForTemplateDeployment": false,
                "enableSoftDelete": true,
                "softDeleteRetentionInDays": 90,
                "enableRbacAuthorization": false,
                "vaultUri": "https://winterhackclaves.vault.azure.net/",
                "provisioningState": "Succeeded",
                "publicNetworkAccess": "Enabled"
            }
        },
        {
            "type": "Microsoft.Search/searchServices",
            "apiVersion": "2021-04-01-preview",
            "name": "[parameters('searchServices_gifibot0_assqpkereinpahm_name')]",
            "location": "South Central US",
            "tags": {
                "Recurso": "GIFIBot"
            },
            "sku": {
                "name": "basic"
            },
            "properties": {
                "replicaCount": 1,
                "partitionCount": 1,
                "hostingMode": "Default",
                "publicNetworkAccess": "Enabled",
                "networkRuleSet": {
                    "ipRules": [],
                    "bypass": "None"
                },
                "encryptionWithCmk": {},
                "disableLocalAuth": false,
                "authOptions": {
                    "apiKeyOnly": {}
                },
                "disabledDataExfiltrationOptions": [],
                "semanticSearch": "disabled"
            }
        },
        {
            "type": "Microsoft.Sql/servers",
            "apiVersion": "2021-05-01-preview",
            "name": "[parameters('servers_winterhackgifi120_name')]",
            "location": "eastus",
            "tags": {
                "Recurso": "DatabaseBot"
            },
            "kind": "v12.0",
            "properties": {
                "administratorLogin": "winterhack120",
                "version": "12.0",
                "minimalTlsVersion": "1.2",
                "publicNetworkAccess": "Enabled",
                "restrictOutboundNetworkAccess": "Disabled"
            }
        },
        {
            "type": "Microsoft.Storage/storageAccounts",
            "apiVersion": "2021-06-01",
            "name": "[parameters('storageAccounts_sqlva55575gaexhqak_name')]",
            "location": "centralus",
            "sku": {
                "name": "Standard_LRS",
                "tier": "Standard"
            },
            "kind": "StorageV2",
            "properties": {
                "minimumTlsVersion": "TLS1_2",
                "allowBlobPublicAccess": false,
                "networkAcls": {
                    "bypass": "AzureServices",
                    "virtualNetworkRules": [],
                    "ipRules": [],
                    "defaultAction": "Allow"
                },
                "supportsHttpsTrafficOnly": true,
                "encryption": {
                    "services": {
                        "file": {
                            "keyType": "Account",
                            "enabled": true
                        },
                        "blob": {
                            "keyType": "Account",
                            "enabled": true
                        }
                    },
                    "keySource": "Microsoft.Storage"
                },
                "accessTier": "Hot"
            }
        },
        {
            "type": "Microsoft.Storage/storageAccounts",
            "apiVersion": "2021-06-01",
            "name": "[parameters('storageAccounts_sqlvaakxgkffxeaq5s_name')]",
            "location": "eastus",
            "sku": {
                "name": "Standard_LRS",
                "tier": "Standard"
            },
            "kind": "StorageV2",
            "properties": {
                "minimumTlsVersion": "TLS1_2",
                "allowBlobPublicAccess": false,
                "networkAcls": {
                    "bypass": "AzureServices",
                    "virtualNetworkRules": [],
                    "ipRules": [],
                    "defaultAction": "Allow"
                },
                "supportsHttpsTrafficOnly": true,
                "encryption": {
                    "services": {
                        "file": {
                            "keyType": "Account",
                            "enabled": true
                        },
                        "blob": {
                            "keyType": "Account",
                            "enabled": true
                        }
                    },
                    "keySource": "Microsoft.Storage"
                },
                "accessTier": "Hot"
            }
        },
        {
            "type": "Microsoft.Web/serverfarms",
            "apiVersion": "2021-02-01",
            "name": "[parameters('serverfarms_GIFIBOT0_name')]",
            "location": "South Central US",
            "tags": {
                "Recurso": "GIFIBot"
            },
            "sku": {
                "name": "S1",
                "tier": "Standard",
                "size": "S1",
                "family": "S",
                "capacity": 1
            },
            "kind": "app",
            "properties": {
                "perSiteScaling": false,
                "elasticScaleEnabled": false,
                "maximumElasticWorkerCount": 1,
                "isSpot": false,
                "reserved": false,
                "isXenon": false,
                "hyperV": false,
                "targetWorkerCount": 0,
                "targetWorkerSizeId": 0,
                "zoneRedundant": false
            }
        },
        {
            "type": "microsoft.alertsmanagement/smartdetectoralertrules",
            "apiVersion": "2021-04-01",
            "name": "[parameters('smartdetectoralertrules_failure_anomalies___gifibot_ai_name')]",
            "location": "global",
            "dependsOn": [
                "[resourceId('microsoft.insights/actionGroups', parameters('actionGroups_Application_Insights_Smart_Detection_name'))]"
            ],
            "properties": {
                "description": "Failure Anomalies notifies you of an unusual rise in the rate of failed HTTP requests or dependency calls.",
                "state": "Enabled",
                "severity": "Sev3",
                "frequency": "PT1M",
                "detector": {
                    "id": "FailureAnomaliesDetector"
                },
                "scope": [
                    "[parameters('components_gifibot_ai_externalid')]"
                ],
                "actionGroups": {
                    "groupIds": [
                        "[resourceId('microsoft.insights/actionGroups', parameters('actionGroups_Application_Insights_Smart_Detection_name'))]"
                    ]
                }
            }
        },
        {
            "type": "Microsoft.BotService/botServices/channels",
            "apiVersion": "2021-05-01-preview",
            "name": "[concat(parameters('botServices_gifibot0_bot_name'), '/FacebookChannel')]",
            "location": "global",
            "dependsOn": [
                "[resourceId('Microsoft.BotService/botServices', parameters('botServices_gifibot0_bot_name'))]"
            ],
            "properties": {
                "properties": {
                    "appId": "922837085259616",
                    "isEnabled": true,
                    "pages": [
                        {
                            "id": "106786075200450"
                        }
                    ]
                },
                "etag": "W/\"4733f407a480940e9039d8f5625f2fc819/12/2021 22:57:56\"",
                "channelName": "FacebookChannel",
                "location": "global",
                "provisioningState": "Succeeded"
            }
        },
        {
            "type": "Microsoft.BotService/botServices/channels",
            "apiVersion": "2021-05-01-preview",
            "name": "[concat(parameters('botServices_gifibot0_bot_name'), '/WebChatChannel')]",
            "location": "global",
            "dependsOn": [
                "[resourceId('Microsoft.BotService/botServices', parameters('botServices_gifibot0_bot_name'))]"
            ],
            "properties": {
                "properties": {
                    "sites": [
                        {
                            "siteName": "Default Site",
                            "isEnabled": true,
                            "isWebchatPreviewEnabled": true
                        }
                    ]
                },
                "etag": "W/\"e9f4ef7ca7842baf7300f24cb315e7f419/12/2021 22:57:56\"",
                "channelName": "WebChatChannel",
                "location": "global",
                "provisioningState": "Succeeded"
            }
        },
        {
            "type": "microsoft.insights/components/ProactiveDetectionConfigs",
            "apiVersion": "2018-05-01-preview",
            "name": "[concat(parameters('components_GIFIBOT0_ai_name'), '/degradationindependencyduration')]",
            "location": "southcentralus",
            "dependsOn": [
                "[resourceId('microsoft.insights/components', parameters('components_GIFIBOT0_ai_name'))]"
            ],
            "properties": {
                "ruleDefinitions": {
                    "Name": "degradationindependencyduration",
                    "DisplayName": "Degradation in dependency duration",
                    "Description": "Smart Detection rules notify you of performance anomaly issues.",
                    "HelpUrl": "https://docs.microsoft.com/en-us/azure/application-insights/app-insights-proactive-performance-diagnostics",
                    "IsHidden": false,
                    "IsEnabledByDefault": true,
                    "IsInPreview": false,
                    "SupportsEmailNotifications": true
                },
                "enabled": true,
                "sendEmailsToSubscriptionOwners": true,
                "customEmails": []
            }
        },
        {
            "type": "microsoft.insights/components/ProactiveDetectionConfigs",
            "apiVersion": "2018-05-01-preview",
            "name": "[concat(parameters('components_GIFIBOT0_ai_name'), '/degradationinserverresponsetime')]",
            "location": "southcentralus",
            "dependsOn": [
                "[resourceId('microsoft.insights/components', parameters('components_GIFIBOT0_ai_name'))]"
            ],
            "properties": {
                "ruleDefinitions": {
                    "Name": "degradationinserverresponsetime",
                    "DisplayName": "Degradation in server response time",
                    "Description": "Smart Detection rules notify you of performance anomaly issues.",
                    "HelpUrl": "https://docs.microsoft.com/en-us/azure/application-insights/app-insights-proactive-performance-diagnostics",
                    "IsHidden": false,
                    "IsEnabledByDefault": true,
                    "IsInPreview": false,
                    "SupportsEmailNotifications": true
                },
                "enabled": true,
                "sendEmailsToSubscriptionOwners": true,
                "customEmails": []
            }
        },
        {
            "type": "microsoft.insights/components/ProactiveDetectionConfigs",
            "apiVersion": "2018-05-01-preview",
            "name": "[concat(parameters('components_GIFIBOT0_ai_name'), '/digestMailConfiguration')]",
            "location": "southcentralus",
            "dependsOn": [
                "[resourceId('microsoft.insights/components', parameters('components_GIFIBOT0_ai_name'))]"
            ],
            "properties": {
                "ruleDefinitions": {
                    "Name": "digestMailConfiguration",
                    "DisplayName": "Digest Mail Configuration",
                    "Description": "This rule describes the digest mail preferences",
                    "HelpUrl": "www.homail.com",
                    "IsHidden": true,
                    "IsEnabledByDefault": true,
                    "IsInPreview": false,
                    "SupportsEmailNotifications": true
                },
                "enabled": true,
                "sendEmailsToSubscriptionOwners": true,
                "customEmails": []
            }
        },
        {
            "type": "microsoft.insights/components/ProactiveDetectionConfigs",
            "apiVersion": "2018-05-01-preview",
            "name": "[concat(parameters('components_GIFIBOT0_ai_name'), '/extension_billingdatavolumedailyspikeextension')]",
            "location": "southcentralus",
            "dependsOn": [
                "[resourceId('microsoft.insights/components', parameters('components_GIFIBOT0_ai_name'))]"
            ],
            "properties": {
                "ruleDefinitions": {
                    "Name": "extension_billingdatavolumedailyspikeextension",
                    "DisplayName": "Abnormal rise in daily data volume (preview)",
                    "Description": "This detection rule automatically analyzes the billing data generated by your application, and can warn you about an unusual increase in your application's billing costs",
                    "HelpUrl": "https://github.com/Microsoft/ApplicationInsights-Home/tree/master/SmartDetection/billing-data-volume-daily-spike.md",
                    "IsHidden": false,
                    "IsEnabledByDefault": true,
                    "IsInPreview": true,
                    "SupportsEmailNotifications": false
                },
                "enabled": true,
                "sendEmailsToSubscriptionOwners": true,
                "customEmails": []
            }
        },
        {
            "type": "microsoft.insights/components/ProactiveDetectionConfigs",
            "apiVersion": "2018-05-01-preview",
            "name": "[concat(parameters('components_GIFIBOT0_ai_name'), '/extension_canaryextension')]",
            "location": "southcentralus",
            "dependsOn": [
                "[resourceId('microsoft.insights/components', parameters('components_GIFIBOT0_ai_name'))]"
            ],
            "properties": {
                "ruleDefinitions": {
                    "Name": "extension_canaryextension",
                    "DisplayName": "Canary extension",
                    "Description": "Canary extension",
                    "HelpUrl": "https://github.com/Microsoft/ApplicationInsights-Home/blob/master/SmartDetection/",
                    "IsHidden": true,
                    "IsEnabledByDefault": true,
                    "IsInPreview": true,
                    "SupportsEmailNotifications": false
                },
                "enabled": true,
                "sendEmailsToSubscriptionOwners": true,
                "customEmails": []
            }
        },
        {
            "type": "microsoft.insights/components/ProactiveDetectionConfigs",
            "apiVersion": "2018-05-01-preview",
            "name": "[concat(parameters('components_GIFIBOT0_ai_name'), '/extension_exceptionchangeextension')]",
            "location": "southcentralus",
            "dependsOn": [
                "[resourceId('microsoft.insights/components', parameters('components_GIFIBOT0_ai_name'))]"
            ],
            "properties": {
                "ruleDefinitions": {
                    "Name": "extension_exceptionchangeextension",
                    "DisplayName": "Abnormal rise in exception volume (preview)",
                    "Description": "This detection rule automatically analyzes the exceptions thrown in your application, and can warn you about unusual patterns in your exception telemetry.",
                    "HelpUrl": "https://github.com/Microsoft/ApplicationInsights-Home/blob/master/SmartDetection/abnormal-rise-in-exception-volume.md",
                    "IsHidden": false,
                    "IsEnabledByDefault": true,
                    "IsInPreview": true,
                    "SupportsEmailNotifications": false
                },
                "enabled": true,
                "sendEmailsToSubscriptionOwners": true,
                "customEmails": []
            }
        },
        {
            "type": "microsoft.insights/components/ProactiveDetectionConfigs",
            "apiVersion": "2018-05-01-preview",
            "name": "[concat(parameters('components_GIFIBOT0_ai_name'), '/extension_memoryleakextension')]",
            "location": "southcentralus",
            "dependsOn": [
                "[resourceId('microsoft.insights/components', parameters('components_GIFIBOT0_ai_name'))]"
            ],
            "properties": {
                "ruleDefinitions": {
                    "Name": "extension_memoryleakextension",
                    "DisplayName": "Potential memory leak detected (preview)",
                    "Description": "This detection rule automatically analyzes the memory consumption of each process in your application, and can warn you about potential memory leaks or increased memory consumption.",
                    "HelpUrl": "https://github.com/Microsoft/ApplicationInsights-Home/tree/master/SmartDetection/memory-leak.md",
                    "IsHidden": false,
                    "IsEnabledByDefault": true,
                    "IsInPreview": true,
                    "SupportsEmailNotifications": false
                },
                "enabled": true,
                "sendEmailsToSubscriptionOwners": true,
                "customEmails": []
            }
        },
        {
            "type": "microsoft.insights/components/ProactiveDetectionConfigs",
            "apiVersion": "2018-05-01-preview",
            "name": "[concat(parameters('components_GIFIBOT0_ai_name'), '/extension_securityextensionspackage')]",
            "location": "southcentralus",
            "dependsOn": [
                "[resourceId('microsoft.insights/components', parameters('components_GIFIBOT0_ai_name'))]"
            ],
            "properties": {
                "ruleDefinitions": {
                    "Name": "extension_securityextensionspackage",
                    "DisplayName": "Potential security issue detected (preview)",
                    "Description": "This detection rule automatically analyzes the telemetry generated by your application and detects potential security issues.",
                    "HelpUrl": "https://github.com/Microsoft/ApplicationInsights-Home/blob/master/SmartDetection/application-security-detection-pack.md",
                    "IsHidden": false,
                    "IsEnabledByDefault": true,
                    "IsInPreview": true,
                    "SupportsEmailNotifications": false
                },
                "enabled": true,
                "sendEmailsToSubscriptionOwners": true,
                "customEmails": []
            }
        },
        {
            "type": "microsoft.insights/components/ProactiveDetectionConfigs",
            "apiVersion": "2018-05-01-preview",
            "name": "[concat(parameters('components_GIFIBOT0_ai_name'), '/extension_traceseveritydetector')]",
            "location": "southcentralus",
            "dependsOn": [
                "[resourceId('microsoft.insights/components', parameters('components_GIFIBOT0_ai_name'))]"
            ],
            "properties": {
                "ruleDefinitions": {
                    "Name": "extension_traceseveritydetector",
                    "DisplayName": "Degradation in trace severity ratio (preview)",
                    "Description": "This detection rule automatically analyzes the trace logs emitted from your application, and can warn you about unusual patterns in the severity of your trace telemetry.",
                    "HelpUrl": "https://github.com/Microsoft/ApplicationInsights-Home/blob/master/SmartDetection/degradation-in-trace-severity-ratio.md",
                    "IsHidden": false,
                    "IsEnabledByDefault": true,
                    "IsInPreview": true,
                    "SupportsEmailNotifications": false
                },
                "enabled": true,
                "sendEmailsToSubscriptionOwners": true,
                "customEmails": []
            }
        },
        {
            "type": "microsoft.insights/components/ProactiveDetectionConfigs",
            "apiVersion": "2018-05-01-preview",
            "name": "[concat(parameters('components_GIFIBOT0_ai_name'), '/longdependencyduration')]",
            "location": "southcentralus",
            "dependsOn": [
                "[resourceId('microsoft.insights/components', parameters('components_GIFIBOT0_ai_name'))]"
            ],
            "properties": {
                "ruleDefinitions": {
                    "Name": "longdependencyduration",
                    "DisplayName": "Long dependency duration",
                    "Description": "Smart Detection rules notify you of performance anomaly issues.",
                    "HelpUrl": "https://docs.microsoft.com/en-us/azure/application-insights/app-insights-proactive-performance-diagnostics",
                    "IsHidden": false,
                    "IsEnabledByDefault": true,
                    "IsInPreview": false,
                    "SupportsEmailNotifications": true
                },
                "enabled": true,
                "sendEmailsToSubscriptionOwners": true,
                "customEmails": []
            }
        },
        {
            "type": "microsoft.insights/components/ProactiveDetectionConfigs",
            "apiVersion": "2018-05-01-preview",
            "name": "[concat(parameters('components_GIFIBOT0_ai_name'), '/migrationToAlertRulesCompleted')]",
            "location": "southcentralus",
            "dependsOn": [
                "[resourceId('microsoft.insights/components', parameters('components_GIFIBOT0_ai_name'))]"
            ],
            "properties": {
                "ruleDefinitions": {
                    "Name": "migrationToAlertRulesCompleted",
                    "DisplayName": "Migration To Alert Rules Completed",
                    "Description": "A configuration that controls the migration state of Smart Detection to Smart Alerts",
                    "HelpUrl": "https://docs.microsoft.com/en-us/azure/application-insights/app-insights-proactive-performance-diagnostics",
                    "IsHidden": true,
                    "IsEnabledByDefault": false,
                    "IsInPreview": true,
                    "SupportsEmailNotifications": false
                },
                "enabled": false,
                "sendEmailsToSubscriptionOwners": true,
                "customEmails": []
            }
        },
        {
            "type": "microsoft.insights/components/ProactiveDetectionConfigs",
            "apiVersion": "2018-05-01-preview",
            "name": "[concat(parameters('components_GIFIBOT0_ai_name'), '/slowpageloadtime')]",
            "location": "southcentralus",
            "dependsOn": [
                "[resourceId('microsoft.insights/components', parameters('components_GIFIBOT0_ai_name'))]"
            ],
            "properties": {
                "ruleDefinitions": {
                    "Name": "slowpageloadtime",
                    "DisplayName": "Slow page load time",
                    "Description": "Smart Detection rules notify you of performance anomaly issues.",
                    "HelpUrl": "https://docs.microsoft.com/en-us/azure/application-insights/app-insights-proactive-performance-diagnostics",
                    "IsHidden": false,
                    "IsEnabledByDefault": true,
                    "IsInPreview": false,
                    "SupportsEmailNotifications": true
                },
                "enabled": true,
                "sendEmailsToSubscriptionOwners": true,
                "customEmails": []
            }
        },
        {
            "type": "microsoft.insights/components/ProactiveDetectionConfigs",
            "apiVersion": "2018-05-01-preview",
            "name": "[concat(parameters('components_GIFIBOT0_ai_name'), '/slowserverresponsetime')]",
            "location": "southcentralus",
            "dependsOn": [
                "[resourceId('microsoft.insights/components', parameters('components_GIFIBOT0_ai_name'))]"
            ],
            "properties": {
                "ruleDefinitions": {
                    "Name": "slowserverresponsetime",
                    "DisplayName": "Slow server response time",
                    "Description": "Smart Detection rules notify you of performance anomaly issues.",
                    "HelpUrl": "https://docs.microsoft.com/en-us/azure/application-insights/app-insights-proactive-performance-diagnostics",
                    "IsHidden": false,
                    "IsEnabledByDefault": true,
                    "IsInPreview": false,
                    "SupportsEmailNotifications": true
                },
                "enabled": true,
                "sendEmailsToSubscriptionOwners": true,
                "customEmails": []
            }
        },
        {
            "type": "Microsoft.KeyVault/vaults/secrets",
            "apiVersion": "2021-06-01-preview",
            "name": "[concat(parameters('vaults_winterhackClaves_name'), '/databaseBot')]",
            "location": "southcentralus",
            "dependsOn": [
                "[resourceId('Microsoft.KeyVault/vaults', parameters('vaults_winterhackClaves_name'))]"
            ],
            "properties": {
                "attributes": {
                    "enabled": true
                }
            }
        },
        {
            "type": "Microsoft.KeyVault/vaults/secrets",
            "apiVersion": "2021-06-01-preview",
            "name": "[concat(parameters('vaults_winterhackClaves_name'), '/databaseUserID')]",
            "location": "southcentralus",
            "dependsOn": [
                "[resourceId('Microsoft.KeyVault/vaults', parameters('vaults_winterhackClaves_name'))]"
            ],
            "properties": {
                "attributes": {
                    "enabled": true
                }
            }
        },
        {
            "type": "Microsoft.Sql/servers/advisors",
            "apiVersion": "2014-04-01",
            "name": "[concat(parameters('servers_winterhackgifi120_name'), '/CreateIndex')]",
            "dependsOn": [
                "[resourceId('Microsoft.Sql/servers', parameters('servers_winterhackgifi120_name'))]"
            ],
            "properties": {
                "autoExecuteValue": "Disabled"
            }
        },
        {
            "type": "Microsoft.Sql/servers/advisors",
            "apiVersion": "2014-04-01",
            "name": "[concat(parameters('servers_winterhackgifi120_name'), '/DbParameterization')]",
            "dependsOn": [
                "[resourceId('Microsoft.Sql/servers', parameters('servers_winterhackgifi120_name'))]"
            ],
            "properties": {
                "autoExecuteValue": "Disabled"
            }
        },
        {
            "type": "Microsoft.Sql/servers/advisors",
            "apiVersion": "2014-04-01",
            "name": "[concat(parameters('servers_winterhackgifi120_name'), '/DefragmentIndex')]",
            "dependsOn": [
                "[resourceId('Microsoft.Sql/servers', parameters('servers_winterhackgifi120_name'))]"
            ],
            "properties": {
                "autoExecuteValue": "Disabled"
            }
        },
        {
            "type": "Microsoft.Sql/servers/advisors",
            "apiVersion": "2014-04-01",
            "name": "[concat(parameters('servers_winterhackgifi120_name'), '/DropIndex')]",
            "dependsOn": [
                "[resourceId('Microsoft.Sql/servers', parameters('servers_winterhackgifi120_name'))]"
            ],
            "properties": {
                "autoExecuteValue": "Disabled"
            }
        },
        {
            "type": "Microsoft.Sql/servers/advisors",
            "apiVersion": "2014-04-01",
            "name": "[concat(parameters('servers_winterhackgifi120_name'), '/ForceLastGoodPlan')]",
            "dependsOn": [
                "[resourceId('Microsoft.Sql/servers', parameters('servers_winterhackgifi120_name'))]"
            ],
            "properties": {
                "autoExecuteValue": "Enabled"
            }
        },
        {
            "type": "Microsoft.Sql/servers/auditingPolicies",
            "apiVersion": "2014-04-01",
            "name": "[concat(parameters('servers_winterhackgifi120_name'), '/Default')]",
            "location": "East US",
            "dependsOn": [
                "[resourceId('Microsoft.Sql/servers', parameters('servers_winterhackgifi120_name'))]"
            ],
            "properties": {
                "auditingState": "Disabled"
            }
        },
        {
            "type": "Microsoft.Sql/servers/auditingSettings",
            "apiVersion": "2021-05-01-preview",
            "name": "[concat(parameters('servers_winterhackgifi120_name'), '/Default')]",
            "dependsOn": [
                "[resourceId('Microsoft.Sql/servers', parameters('servers_winterhackgifi120_name'))]"
            ],
            "properties": {
                "retentionDays": 0,
                "auditActionsAndGroups": [],
                "isStorageSecondaryKeyInUse": false,
                "isAzureMonitorTargetEnabled": false,
                "state": "Disabled",
                "storageAccountSubscriptionId": "00000000-0000-0000-0000-000000000000"
            }
        },
        {
            "type": "Microsoft.Sql/servers/connectionPolicies",
            "apiVersion": "2021-05-01-preview",
            "name": "[concat(parameters('servers_winterhackgifi120_name'), '/default')]",
            "location": "eastus",
            "dependsOn": [
                "[resourceId('Microsoft.Sql/servers', parameters('servers_winterhackgifi120_name'))]"
            ],
            "properties": {
                "connectionType": "Default"
            }
        },
        {
            "type": "Microsoft.Sql/servers/databases",
            "apiVersion": "2021-05-01-preview",
            "name": "[concat(parameters('servers_winterhackgifi120_name'), '/Winterhack123')]",
            "location": "eastus",
            "dependsOn": [
                "[resourceId('Microsoft.Sql/servers', parameters('servers_winterhackgifi120_name'))]"
            ],
            "tags": {
                "Recurso": "DatabaseBot"
            },
            "sku": {
                "name": "GP_Gen5",
                "tier": "GeneralPurpose",
                "family": "Gen5",
                "capacity": 2
            },
            "kind": "v12.0,user,vcore",
            "properties": {
                "collation": "SQL_Latin1_General_CP1_CI_AS",
                "maxSizeBytes": 34359738368,
                "catalogCollation": "SQL_Latin1_General_CP1_CI_AS",
                "zoneRedundant": false,
                "licenseType": "LicenseIncluded",
                "readScale": "Disabled",
                "requestedBackupStorageRedundancy": "Local",
                "maintenanceConfigurationId": "/subscriptions/119c29cc-7aac-4e34-a2dd-ab7c6bdaa584/providers/Microsoft.Maintenance/publicMaintenanceConfigurations/SQL_Default",
                "isLedgerOn": false
            }
        },
        {
            "type": "Microsoft.Sql/servers/databases/auditingPolicies",
            "apiVersion": "2014-04-01",
            "name": "[concat(parameters('servers_winterhackgifi120_name'), '/master/Default')]",
            "location": "East US",
            "dependsOn": [
                "[resourceId('Microsoft.Sql/servers', parameters('servers_winterhackgifi120_name'))]"
            ],
            "properties": {
                "auditingState": "Disabled"
            }
        },
        {
            "type": "Microsoft.Sql/servers/databases/auditingSettings",
            "apiVersion": "2021-05-01-preview",
            "name": "[concat(parameters('servers_winterhackgifi120_name'), '/master/Default')]",
            "dependsOn": [
                "[resourceId('Microsoft.Sql/servers', parameters('servers_winterhackgifi120_name'))]"
            ],
            "properties": {
                "retentionDays": 0,
                "isAzureMonitorTargetEnabled": false,
                "state": "Disabled",
                "storageAccountSubscriptionId": "00000000-0000-0000-0000-000000000000"
            }
        },
        {
            "type": "Microsoft.Sql/servers/databases/extendedAuditingSettings",
            "apiVersion": "2021-05-01-preview",
            "name": "[concat(parameters('servers_winterhackgifi120_name'), '/master/Default')]",
            "dependsOn": [
                "[resourceId('Microsoft.Sql/servers', parameters('servers_winterhackgifi120_name'))]"
            ],
            "properties": {
                "retentionDays": 0,
                "isAzureMonitorTargetEnabled": false,
                "state": "Disabled",
                "storageAccountSubscriptionId": "00000000-0000-0000-0000-000000000000"
            }
        },
        {
            "type": "Microsoft.Sql/servers/databases/geoBackupPolicies",
            "apiVersion": "2014-04-01",
            "name": "[concat(parameters('servers_winterhackgifi120_name'), '/master/Default')]",
            "location": "East US",
            "dependsOn": [
                "[resourceId('Microsoft.Sql/servers', parameters('servers_winterhackgifi120_name'))]"
            ],
            "properties": {
                "state": "Disabled"
            }
        },
        {
            "type": "Microsoft.Sql/servers/databases/ledgerDigestUploads",
            "apiVersion": "2021-05-01-preview",
            "name": "[concat(parameters('servers_winterhackgifi120_name'), '/master/Current')]",
            "dependsOn": [
                "[resourceId('Microsoft.Sql/servers', parameters('servers_winterhackgifi120_name'))]"
            ],
            "properties": {}
        },
        {
            "type": "Microsoft.Sql/servers/databases/securityAlertPolicies",
            "apiVersion": "2021-05-01-preview",
            "name": "[concat(parameters('servers_winterhackgifi120_name'), '/master/Default')]",
            "dependsOn": [
                "[resourceId('Microsoft.Sql/servers', parameters('servers_winterhackgifi120_name'))]"
            ],
            "properties": {
                "state": "Disabled",
                "disabledAlerts": [
                    ""
                ],
                "emailAddresses": [
                    ""
                ],
                "emailAccountAdmins": false,
                "retentionDays": 0
            }
        },
        {
            "type": "Microsoft.Sql/servers/databases/transparentDataEncryption",
            "apiVersion": "2021-05-01-preview",
            "name": "[concat(parameters('servers_winterhackgifi120_name'), '/master/Current')]",
            "dependsOn": [
                "[resourceId('Microsoft.Sql/servers', parameters('servers_winterhackgifi120_name'))]"
            ],
            "properties": {
                "state": "Disabled"
            }
        },
        {
            "type": "Microsoft.Sql/servers/databases/vulnerabilityAssessments",
            "apiVersion": "2021-05-01-preview",
            "name": "[concat(parameters('servers_winterhackgifi120_name'), '/master/Default')]",
            "dependsOn": [
                "[resourceId('Microsoft.Sql/servers', parameters('servers_winterhackgifi120_name'))]"
            ],
            "properties": {
                "recurringScans": {
                    "isEnabled": false,
                    "emailSubscriptionAdmins": true
                }
            }
        },
        {
            "type": "Microsoft.Sql/servers/devOpsAuditingSettings",
            "apiVersion": "2021-05-01-preview",
            "name": "[concat(parameters('servers_winterhackgifi120_name'), '/Default')]",
            "dependsOn": [
                "[resourceId('Microsoft.Sql/servers', parameters('servers_winterhackgifi120_name'))]"
            ],
            "properties": {
                "isAzureMonitorTargetEnabled": false,
                "state": "Disabled",
                "storageAccountSubscriptionId": "00000000-0000-0000-0000-000000000000"
            }
        },
        {
            "type": "Microsoft.Sql/servers/encryptionProtector",
            "apiVersion": "2021-05-01-preview",
            "name": "[concat(parameters('servers_winterhackgifi120_name'), '/current')]",
            "dependsOn": [
                "[resourceId('Microsoft.Sql/servers', parameters('servers_winterhackgifi120_name'))]"
            ],
            "kind": "servicemanaged",
            "properties": {
                "serverKeyName": "ServiceManaged",
                "serverKeyType": "ServiceManaged",
                "autoRotationEnabled": false
            }
        },
        {
            "type": "Microsoft.Sql/servers/extendedAuditingSettings",
            "apiVersion": "2021-05-01-preview",
            "name": "[concat(parameters('servers_winterhackgifi120_name'), '/Default')]",
            "dependsOn": [
                "[resourceId('Microsoft.Sql/servers', parameters('servers_winterhackgifi120_name'))]"
            ],
            "properties": {
                "retentionDays": 0,
                "auditActionsAndGroups": [],
                "isStorageSecondaryKeyInUse": false,
                "isAzureMonitorTargetEnabled": false,
                "state": "Disabled",
                "storageAccountSubscriptionId": "00000000-0000-0000-0000-000000000000"
            }
        },
        {
            "type": "Microsoft.Sql/servers/firewallRules",
            "apiVersion": "2021-05-01-preview",
            "name": "[concat(parameters('servers_winterhackgifi120_name'), '/AllowAllWindowsAzureIps')]",
            "dependsOn": [
                "[resourceId('Microsoft.Sql/servers', parameters('servers_winterhackgifi120_name'))]"
            ],
            "properties": {
                "startIpAddress": "0.0.0.0",
                "endIpAddress": "0.0.0.0"
            }
        },
        {
            "type": "Microsoft.Sql/servers/firewallRules",
            "apiVersion": "2021-05-01-preview",
            "name": "[concat(parameters('servers_winterhackgifi120_name'), '/ClientIPAddress_2021-12-18_21-34-47187.153.77.161')]",
            "dependsOn": [
                "[resourceId('Microsoft.Sql/servers', parameters('servers_winterhackgifi120_name'))]"
            ],
            "properties": {
                "startIpAddress": "187.153.77.161",
                "endIpAddress": "187.153.77.161"
            }
        },
        {
            "type": "Microsoft.Sql/servers/firewallRules",
            "apiVersion": "2021-05-01-preview",
            "name": "[concat(parameters('servers_winterhackgifi120_name'), '/query-editor-7b289b')]",
            "dependsOn": [
                "[resourceId('Microsoft.Sql/servers', parameters('servers_winterhackgifi120_name'))]"
            ],
            "properties": {
                "startIpAddress": "201.102.67.4",
                "endIpAddress": "201.102.67.4"
            }
        },
        {
            "type": "Microsoft.Sql/servers/keys",
            "apiVersion": "2021-05-01-preview",
            "name": "[concat(parameters('servers_winterhackgifi120_name'), '/ServiceManaged')]",
            "dependsOn": [
                "[resourceId('Microsoft.Sql/servers', parameters('servers_winterhackgifi120_name'))]"
            ],
            "kind": "servicemanaged",
            "properties": {
                "serverKeyType": "ServiceManaged"
            }
        },
        {
            "type": "Microsoft.Sql/servers/securityAlertPolicies",
            "apiVersion": "2021-05-01-preview",
            "name": "[concat(parameters('servers_winterhackgifi120_name'), '/Default')]",
            "dependsOn": [
                "[resourceId('Microsoft.Sql/servers', parameters('servers_winterhackgifi120_name'))]"
            ],
            "properties": {
                "state": "Enabled",
                "disabledAlerts": [
                    ""
                ],
                "emailAddresses": [
                    ""
                ],
                "emailAccountAdmins": true,
                "retentionDays": 0
            }
        },
        {
            "type": "Microsoft.Storage/storageAccounts/blobServices",
            "apiVersion": "2021-06-01",
            "name": "[concat(parameters('storageAccounts_sqlva55575gaexhqak_name'), '/default')]",
            "dependsOn": [
                "[resourceId('Microsoft.Storage/storageAccounts', parameters('storageAccounts_sqlva55575gaexhqak_name'))]"
            ],
            "sku": {
                "name": "Standard_LRS",
                "tier": "Standard"
            },
            "properties": {
                "cors": {
                    "corsRules": []
                },
                "deleteRetentionPolicy": {
                    "enabled": false
                }
            }
        },
        {
            "type": "Microsoft.Storage/storageAccounts/blobServices",
            "apiVersion": "2021-06-01",
            "name": "[concat(parameters('storageAccounts_sqlvaakxgkffxeaq5s_name'), '/default')]",
            "dependsOn": [
                "[resourceId('Microsoft.Storage/storageAccounts', parameters('storageAccounts_sqlvaakxgkffxeaq5s_name'))]"
            ],
            "sku": {
                "name": "Standard_LRS",
                "tier": "Standard"
            },
            "properties": {
                "cors": {
                    "corsRules": []
                },
                "deleteRetentionPolicy": {
                    "enabled": false
                }
            }
        },
        {
            "type": "Microsoft.Storage/storageAccounts/fileServices",
            "apiVersion": "2021-06-01",
            "name": "[concat(parameters('storageAccounts_sqlva55575gaexhqak_name'), '/default')]",
            "dependsOn": [
                "[resourceId('Microsoft.Storage/storageAccounts', parameters('storageAccounts_sqlva55575gaexhqak_name'))]"
            ],
            "sku": {
                "name": "Standard_LRS",
                "tier": "Standard"
            },
            "properties": {
                "protocolSettings": {
                    "smb": {}
                },
                "cors": {
                    "corsRules": []
                },
                "shareDeleteRetentionPolicy": {
                    "enabled": true,
                    "days": 7
                }
            }
        },
        {
            "type": "Microsoft.Storage/storageAccounts/fileServices",
            "apiVersion": "2021-06-01",
            "name": "[concat(parameters('storageAccounts_sqlvaakxgkffxeaq5s_name'), '/default')]",
            "dependsOn": [
                "[resourceId('Microsoft.Storage/storageAccounts', parameters('storageAccounts_sqlvaakxgkffxeaq5s_name'))]"
            ],
            "sku": {
                "name": "Standard_LRS",
                "tier": "Standard"
            },
            "properties": {
                "protocolSettings": {
                    "smb": {}
                },
                "cors": {
                    "corsRules": []
                },
                "shareDeleteRetentionPolicy": {
                    "enabled": true,
                    "days": 7
                }
            }
        },
        {
            "type": "Microsoft.Storage/storageAccounts/queueServices",
            "apiVersion": "2021-06-01",
            "name": "[concat(parameters('storageAccounts_sqlva55575gaexhqak_name'), '/default')]",
            "dependsOn": [
                "[resourceId('Microsoft.Storage/storageAccounts', parameters('storageAccounts_sqlva55575gaexhqak_name'))]"
            ],
            "properties": {
                "cors": {
                    "corsRules": []
                }
            }
        },
        {
            "type": "Microsoft.Storage/storageAccounts/queueServices",
            "apiVersion": "2021-06-01",
            "name": "[concat(parameters('storageAccounts_sqlvaakxgkffxeaq5s_name'), '/default')]",
            "dependsOn": [
                "[resourceId('Microsoft.Storage/storageAccounts', parameters('storageAccounts_sqlvaakxgkffxeaq5s_name'))]"
            ],
            "properties": {
                "cors": {
                    "corsRules": []
                }
            }
        },
        {
            "type": "Microsoft.Storage/storageAccounts/tableServices",
            "apiVersion": "2021-06-01",
            "name": "[concat(parameters('storageAccounts_sqlva55575gaexhqak_name'), '/default')]",
            "dependsOn": [
                "[resourceId('Microsoft.Storage/storageAccounts', parameters('storageAccounts_sqlva55575gaexhqak_name'))]"
            ],
            "properties": {
                "cors": {
                    "corsRules": []
                }
            }
        },
        {
            "type": "Microsoft.Storage/storageAccounts/tableServices",
            "apiVersion": "2021-06-01",
            "name": "[concat(parameters('storageAccounts_sqlvaakxgkffxeaq5s_name'), '/default')]",
            "dependsOn": [
                "[resourceId('Microsoft.Storage/storageAccounts', parameters('storageAccounts_sqlvaakxgkffxeaq5s_name'))]"
            ],
            "properties": {
                "cors": {
                    "corsRules": []
                }
            }
        },
        {
            "type": "Microsoft.Web/sites",
            "apiVersion": "2021-02-01",
            "name": "[parameters('sites_GIFIBOT0_name')]",
            "location": "South Central US",
            "dependsOn": [
                "[resourceId('Microsoft.Web/serverfarms', parameters('serverfarms_GIFIBOT0_name'))]"
            ],
            "tags": {
                "Recurso": "GIFIBot",
                "hidden-related:/subscriptions/119c29cc-7aac-4e34-a2dd-ab7c6bdaa584/resourcegroups/WinterHack/providers/Microsoft.Web/serverfarms/GIFIBOT0": "empty"
            },
            "kind": "app",
            "properties": {
                "enabled": true,
                "hostNameSslStates": [
                    {
                        "name": "gifibot0.azurewebsites.net",
                        "sslState": "Disabled",
                        "hostType": "Standard"
                    },
                    {
                        "name": "gifibot0.scm.azurewebsites.net",
                        "sslState": "Disabled",
                        "hostType": "Repository"
                    }
                ],
                "serverFarmId": "[resourceId('Microsoft.Web/serverfarms', parameters('serverfarms_GIFIBOT0_name'))]",
                "reserved": false,
                "isXenon": false,
                "hyperV": false,
                "siteConfig": {
                    "numberOfWorkers": 1,
                    "acrUseManagedIdentityCreds": false,
                    "alwaysOn": false,
                    "http20Enabled": false,
                    "functionAppScaleLimit": 0,
                    "minimumElasticInstanceCount": 0
                },
                "scmSiteAlsoStopped": false,
                "clientAffinityEnabled": true,
                "clientCertEnabled": false,
                "clientCertMode": "Required",
                "hostNamesDisabled": false,
                "customDomainVerificationId": "7E5A4ED8CE7FA3FADDA3808FD65822C76FA448F8499854D2B8B4D424453F785B",
                "containerSize": 0,
                "dailyMemoryTimeQuota": 0,
                "httpsOnly": false,
                "redundancyMode": "None",
                "storageAccountRequired": false,
                "keyVaultReferenceIdentity": "SystemAssigned"
            }
        },
        {
            "type": "Microsoft.Web/sites",
            "apiVersion": "2021-02-01",
            "name": "[parameters('sites_gifibot0_bot_bfd9_name')]",
            "location": "South Central US",
            "dependsOn": [
                "[resourceId('Microsoft.Web/serverfarms', parameters('serverfarms_GIFIBOT0_name'))]"
            ],
            "kind": "app",
            "properties": {
                "enabled": true,
                "hostNameSslStates": [
                    {
                        "name": "[concat(parameters('sites_gifibot0_bot_bfd9_name'), '.azurewebsites.net')]",
                        "sslState": "Disabled",
                        "hostType": "Standard"
                    },
                    {
                        "name": "[concat(parameters('sites_gifibot0_bot_bfd9_name'), '.scm.azurewebsites.net')]",
                        "sslState": "Disabled",
                        "hostType": "Repository"
                    }
                ],
                "serverFarmId": "[resourceId('Microsoft.Web/serverfarms', parameters('serverfarms_GIFIBOT0_name'))]",
                "reserved": false,
                "isXenon": false,
                "hyperV": false,
                "siteConfig": {
                    "numberOfWorkers": 1,
                    "acrUseManagedIdentityCreds": false,
                    "alwaysOn": false,
                    "http20Enabled": false,
                    "functionAppScaleLimit": 0,
                    "minimumElasticInstanceCount": 0
                },
                "scmSiteAlsoStopped": false,
                "clientAffinityEnabled": true,
                "clientCertEnabled": false,
                "clientCertMode": "Required",
                "hostNamesDisabled": false,
                "customDomainVerificationId": "7E5A4ED8CE7FA3FADDA3808FD65822C76FA448F8499854D2B8B4D424453F785B",
                "containerSize": 0,
                "dailyMemoryTimeQuota": 0,
                "httpsOnly": false,
                "redundancyMode": "None",
                "storageAccountRequired": false,
                "keyVaultReferenceIdentity": "SystemAssigned"
            }
        },
        {
            "type": "Microsoft.Web/sites/basicPublishingCredentialsPolicies",
            "apiVersion": "2021-02-01",
            "name": "[concat(parameters('sites_GIFIBOT0_name'), '/ftp')]",
            "location": "South Central US",
            "dependsOn": [
                "[resourceId('Microsoft.Web/sites', parameters('sites_GIFIBOT0_name'))]"
            ],
            "tags": {
                "Recurso": "GIFIBot",
                "hidden-related:/subscriptions/119c29cc-7aac-4e34-a2dd-ab7c6bdaa584/resourcegroups/WinterHack/providers/Microsoft.Web/serverfarms/GIFIBOT0": "empty"
            },
            "properties": {
                "allow": true
            }
        },
        {
            "type": "Microsoft.Web/sites/basicPublishingCredentialsPolicies",
            "apiVersion": "2021-02-01",
            "name": "[concat(parameters('sites_gifibot0_bot_bfd9_name'), '/ftp')]",
            "location": "South Central US",
            "dependsOn": [
                "[resourceId('Microsoft.Web/sites', parameters('sites_gifibot0_bot_bfd9_name'))]"
            ],
            "properties": {
                "allow": true
            }
        },
        {
            "type": "Microsoft.Web/sites/basicPublishingCredentialsPolicies",
            "apiVersion": "2021-02-01",
            "name": "[concat(parameters('sites_GIFIBOT0_name'), '/scm')]",
            "location": "South Central US",
            "dependsOn": [
                "[resourceId('Microsoft.Web/sites', parameters('sites_GIFIBOT0_name'))]"
            ],
            "tags": {
                "Recurso": "GIFIBot",
                "hidden-related:/subscriptions/119c29cc-7aac-4e34-a2dd-ab7c6bdaa584/resourcegroups/WinterHack/providers/Microsoft.Web/serverfarms/GIFIBOT0": "empty"
            },
            "properties": {
                "allow": true
            }
        },
        {
            "type": "Microsoft.Web/sites/basicPublishingCredentialsPolicies",
            "apiVersion": "2021-02-01",
            "name": "[concat(parameters('sites_gifibot0_bot_bfd9_name'), '/scm')]",
            "location": "South Central US",
            "dependsOn": [
                "[resourceId('Microsoft.Web/sites', parameters('sites_gifibot0_bot_bfd9_name'))]"
            ],
            "properties": {
                "allow": true
            }
        },
        {
            "type": "Microsoft.Web/sites/config",
            "apiVersion": "2021-02-01",
            "name": "[concat(parameters('sites_GIFIBOT0_name'), '/web')]",
            "location": "South Central US",
            "dependsOn": [
                "[resourceId('Microsoft.Web/sites', parameters('sites_GIFIBOT0_name'))]"
            ],
            "tags": {
                "Recurso": "GIFIBot",
                "hidden-related:/subscriptions/119c29cc-7aac-4e34-a2dd-ab7c6bdaa584/resourcegroups/WinterHack/providers/Microsoft.Web/serverfarms/GIFIBOT0": "empty"
            },
            "properties": {
                "numberOfWorkers": 1,
                "defaultDocuments": [
                    "Default.htm",
                    "Default.html",
                    "Default.asp",
                    "index.htm",
                    "index.html",
                    "iisstart.htm",
                    "default.aspx",
                    "index.php",
                    "hostingstart.html"
                ],
                "netFrameworkVersion": "v4.0",
                "phpVersion": "5.6",
                "requestTracingEnabled": false,
                "remoteDebuggingEnabled": false,
                "httpLoggingEnabled": false,
                "acrUseManagedIdentityCreds": false,
                "logsDirectorySizeLimit": 35,
                "detailedErrorLoggingEnabled": false,
                "publishingUsername": "$GIFIBOT0",
                "scmType": "None",
                "use32BitWorkerProcess": true,
                "webSocketsEnabled": false,
                "alwaysOn": false,
                "managedPipelineMode": "Integrated",
                "virtualApplications": [
                    {
                        "virtualPath": "/",
                        "physicalPath": "site\\wwwroot",
                        "preloadEnabled": false
                    }
                ],
                "loadBalancing": "LeastRequests",
                "experiments": {
                    "rampUpRules": []
                },
                "autoHealEnabled": false,
                "vnetRouteAllEnabled": false,
                "vnetPrivatePortsCount": 0,
                "cors": {
                    "allowedOrigins": [
                        "*"
                    ],
                    "supportCredentials": false
                },
                "localMySqlEnabled": false,
                "ipSecurityRestrictions": [
                    {
                        "ipAddress": "Any",
                        "action": "Allow",
                        "priority": 1,
                        "name": "Allow all",
                        "description": "Allow all access"
                    }
                ],
                "scmIpSecurityRestrictions": [
                    {
                        "ipAddress": "Any",
                        "action": "Allow",
                        "priority": 1,
                        "name": "Allow all",
                        "description": "Allow all access"
                    }
                ],
                "scmIpSecurityRestrictionsUseMain": false,
                "http20Enabled": false,
                "minTlsVersion": "1.2",
                "scmMinTlsVersion": "1.0",
                "ftpsState": "AllAllowed",
                "preWarmedInstanceCount": 0,
                "functionAppScaleLimit": 0,
                "functionsRuntimeScaleMonitoringEnabled": false,
                "minimumElasticInstanceCount": 0,
                "azureStorageAccounts": {}
            }
        },
        {
            "type": "Microsoft.Web/sites/config",
            "apiVersion": "2021-02-01",
            "name": "[concat(parameters('sites_gifibot0_bot_bfd9_name'), '/web')]",
            "location": "South Central US",
            "dependsOn": [
                "[resourceId('Microsoft.Web/sites', parameters('sites_gifibot0_bot_bfd9_name'))]"
            ],
            "properties": {
                "numberOfWorkers": 1,
                "defaultDocuments": [
                    "Default.htm",
                    "Default.html",
                    "Default.asp",
                    "index.htm",
                    "index.html",
                    "iisstart.htm",
                    "default.aspx",
                    "index.php",
                    "hostingstart.html"
                ],
                "netFrameworkVersion": "v4.0",
                "phpVersion": "5.6",
                "requestTracingEnabled": false,
                "remoteDebuggingEnabled": false,
                "httpLoggingEnabled": false,
                "acrUseManagedIdentityCreds": false,
                "logsDirectorySizeLimit": 35,
                "detailedErrorLoggingEnabled": false,
                "publishingUsername": "$gifibot0-bot-bfd9",
                "scmType": "None",
                "use32BitWorkerProcess": true,
                "webSocketsEnabled": true,
                "alwaysOn": false,
                "managedPipelineMode": "Integrated",
                "virtualApplications": [
                    {
                        "virtualPath": "/",
                        "physicalPath": "site\\wwwroot",
                        "preloadEnabled": false
                    }
                ],
                "loadBalancing": "LeastRequests",
                "experiments": {
                    "rampUpRules": []
                },
                "autoHealEnabled": false,
                "vnetRouteAllEnabled": false,
                "vnetPrivatePortsCount": 0,
                "cors": {
                    "allowedOrigins": [
                        "https://portal.azure.com",
                        "https://botservice.hosting.portal.azure.net",
                        "https://botservice-ms.hosting.portal.azure.net",
                        "https://hosting.onecloud.azure-test.net/"
                    ],
                    "supportCredentials": false
                },
                "localMySqlEnabled": false,
                "ipSecurityRestrictions": [
                    {
                        "ipAddress": "Any",
                        "action": "Allow",
                        "priority": 1,
                        "name": "Allow all",
                        "description": "Allow all access"
                    }
                ],
                "scmIpSecurityRestrictions": [
                    {
                        "ipAddress": "Any",
                        "action": "Allow",
                        "priority": 1,
                        "name": "Allow all",
                        "description": "Allow all access"
                    }
                ],
                "scmIpSecurityRestrictionsUseMain": false,
                "http20Enabled": false,
                "minTlsVersion": "1.2",
                "scmMinTlsVersion": "1.0",
                "ftpsState": "AllAllowed",
                "preWarmedInstanceCount": 0,
                "functionAppScaleLimit": 0,
                "functionsRuntimeScaleMonitoringEnabled": false,
                "minimumElasticInstanceCount": 0,
                "azureStorageAccounts": {}
            }
        },
        {
            "type": "Microsoft.Web/sites/hostNameBindings",
            "apiVersion": "2021-02-01",
            "name": "[concat(parameters('sites_GIFIBOT0_name'), '/', parameters('sites_GIFIBOT0_name'), '.azurewebsites.net')]",
            "location": "South Central US",
            "dependsOn": [
                "[resourceId('Microsoft.Web/sites', parameters('sites_GIFIBOT0_name'))]"
            ],
            "properties": {
                "siteName": "GIFIBOT0",
                "hostNameType": "Verified"
            }
        },
        {
            "type": "Microsoft.Web/sites/hostNameBindings",
            "apiVersion": "2021-02-01",
            "name": "[concat(parameters('sites_gifibot0_bot_bfd9_name'), '/', parameters('sites_gifibot0_bot_bfd9_name'), '.azurewebsites.net')]",
            "location": "South Central US",
            "dependsOn": [
                "[resourceId('Microsoft.Web/sites', parameters('sites_gifibot0_bot_bfd9_name'))]"
            ],
            "properties": {
                "siteName": "gifibot0-bot-bfd9",
                "hostNameType": "Verified"
            }
        },
        {
            "type": "Microsoft.Web/sites/snapshots",
            "apiVersion": "2015-08-01",
            "name": "[concat(parameters('sites_GIFIBOT0_name'), '/2021-12-19T14_43_51_8072420')]",
            "dependsOn": [
                "[resourceId('Microsoft.Web/sites', parameters('sites_GIFIBOT0_name'))]"
            ]
        },
        {
            "type": "Microsoft.Web/sites/snapshots",
            "apiVersion": "2015-08-01",
            "name": "[concat(parameters('sites_GIFIBOT0_name'), '/2021-12-19T15_43_51_8621705')]",
            "dependsOn": [
                "[resourceId('Microsoft.Web/sites', parameters('sites_GIFIBOT0_name'))]"
            ]
        },
        {
            "type": "Microsoft.Web/sites/snapshots",
            "apiVersion": "2015-08-01",
            "name": "[concat(parameters('sites_GIFIBOT0_name'), '/2021-12-19T16_43_51_9052314')]",
            "dependsOn": [
                "[resourceId('Microsoft.Web/sites', parameters('sites_GIFIBOT0_name'))]"
            ]
        },
        {
            "type": "Microsoft.Web/sites/snapshots",
            "apiVersion": "2015-08-01",
            "name": "[concat(parameters('sites_GIFIBOT0_name'), '/2021-12-19T17_43_51_9617900')]",
            "dependsOn": [
                "[resourceId('Microsoft.Web/sites', parameters('sites_GIFIBOT0_name'))]"
            ]
        },
        {
            "type": "Microsoft.Web/sites/snapshots",
            "apiVersion": "2015-08-01",
            "name": "[concat(parameters('sites_GIFIBOT0_name'), '/2021-12-19T18_43_52_0140829')]",
            "dependsOn": [
                "[resourceId('Microsoft.Web/sites', parameters('sites_GIFIBOT0_name'))]"
            ]
        },
        {
            "type": "Microsoft.Web/sites/snapshots",
            "apiVersion": "2015-08-01",
            "name": "[concat(parameters('sites_GIFIBOT0_name'), '/2021-12-19T19_43_52_0748388')]",
            "dependsOn": [
                "[resourceId('Microsoft.Web/sites', parameters('sites_GIFIBOT0_name'))]"
            ]
        },
        {
            "type": "Microsoft.Web/sites/snapshots",
            "apiVersion": "2015-08-01",
            "name": "[concat(parameters('sites_GIFIBOT0_name'), '/2021-12-19T20_43_52_1318756')]",
            "dependsOn": [
                "[resourceId('Microsoft.Web/sites', parameters('sites_GIFIBOT0_name'))]"
            ]
        },
        {
            "type": "Microsoft.Web/sites/snapshots",
            "apiVersion": "2015-08-01",
            "name": "[concat(parameters('sites_gifibot0_bot_bfd9_name'), '/2021-12-19T20_43_52_1318756')]",
            "dependsOn": [
                "[resourceId('Microsoft.Web/sites', parameters('sites_gifibot0_bot_bfd9_name'))]"
            ]
        },
        {
            "type": "Microsoft.Web/sites/snapshots",
            "apiVersion": "2015-08-01",
            "name": "[concat(parameters('sites_GIFIBOT0_name'), '/2021-12-19T21_43_52_1726851')]",
            "dependsOn": [
                "[resourceId('Microsoft.Web/sites', parameters('sites_GIFIBOT0_name'))]"
            ]
        },
        {
            "type": "Microsoft.Web/sites/snapshots",
            "apiVersion": "2015-08-01",
            "name": "[concat(parameters('sites_gifibot0_bot_bfd9_name'), '/2021-12-19T21_43_52_1726851')]",
            "dependsOn": [
                "[resourceId('Microsoft.Web/sites', parameters('sites_gifibot0_bot_bfd9_name'))]"
            ]
        },
        {
            "type": "Microsoft.Web/sites/snapshots",
            "apiVersion": "2015-08-01",
            "name": "[concat(parameters('sites_GIFIBOT0_name'), '/2021-12-19T22_43_52_2344091')]",
            "dependsOn": [
                "[resourceId('Microsoft.Web/sites', parameters('sites_GIFIBOT0_name'))]"
            ]
        },
        {
            "type": "Microsoft.Web/sites/snapshots",
            "apiVersion": "2015-08-01",
            "name": "[concat(parameters('sites_gifibot0_bot_bfd9_name'), '/2021-12-19T22_43_52_2344091')]",
            "dependsOn": [
                "[resourceId('Microsoft.Web/sites', parameters('sites_gifibot0_bot_bfd9_name'))]"
            ]
        },
        {
            "type": "microsoft.alertsmanagement/smartdetectoralertrules",
            "apiVersion": "2021-04-01",
            "name": "[parameters('smartdetectoralertrules_failure_anomalies___gifibot0_ai_name')]",
            "location": "global",
            "dependsOn": [
                "[resourceId('microsoft.insights/components', parameters('components_GIFIBOT0_ai_name'))]",
                "[resourceId('microsoft.insights/actionGroups', parameters('actionGroups_Application_Insights_Smart_Detection_name'))]"
            ],
            "properties": {
                "description": "Failure Anomalies notifies you of an unusual rise in the rate of failed HTTP requests or dependency calls.",
                "state": "Enabled",
                "severity": "Sev3",
                "frequency": "PT1M",
                "detector": {
                    "id": "FailureAnomaliesDetector"
                },
                "scope": [
                    "[resourceId('microsoft.insights/components', parameters('components_GIFIBOT0_ai_name'))]"
                ],
                "actionGroups": {
                    "groupIds": [
                        "[resourceId('microsoft.insights/actionGroups', parameters('actionGroups_Application_Insights_Smart_Detection_name'))]"
                    ]
                }
            }
        },
        {
            "type": "Microsoft.Sql/servers/databases/advisors",
            "apiVersion": "2014-04-01",
            "name": "[concat(parameters('servers_winterhackgifi120_name'), '/Winterhack123/CreateIndex')]",
            "dependsOn": [
                "[resourceId('Microsoft.Sql/servers/databases', parameters('servers_winterhackgifi120_name'), 'Winterhack123')]",
                "[resourceId('Microsoft.Sql/servers', parameters('servers_winterhackgifi120_name'))]"
            ],
            "properties": {
                "autoExecuteValue": "Disabled"
            }
        },
        {
            "type": "Microsoft.Sql/servers/databases/advisors",
            "apiVersion": "2014-04-01",
            "name": "[concat(parameters('servers_winterhackgifi120_name'), '/Winterhack123/DbParameterization')]",
            "dependsOn": [
                "[resourceId('Microsoft.Sql/servers/databases', parameters('servers_winterhackgifi120_name'), 'Winterhack123')]",
                "[resourceId('Microsoft.Sql/servers', parameters('servers_winterhackgifi120_name'))]"
            ],
            "properties": {
                "autoExecuteValue": "Disabled"
            }
        },
        {
            "type": "Microsoft.Sql/servers/databases/advisors",
            "apiVersion": "2014-04-01",
            "name": "[concat(parameters('servers_winterhackgifi120_name'), '/Winterhack123/DefragmentIndex')]",
            "dependsOn": [
                "[resourceId('Microsoft.Sql/servers/databases', parameters('servers_winterhackgifi120_name'), 'Winterhack123')]",
                "[resourceId('Microsoft.Sql/servers', parameters('servers_winterhackgifi120_name'))]"
            ],
            "properties": {
                "autoExecuteValue": "Disabled"
            }
        },
        {
            "type": "Microsoft.Sql/servers/databases/advisors",
            "apiVersion": "2014-04-01",
            "name": "[concat(parameters('servers_winterhackgifi120_name'), '/Winterhack123/DropIndex')]",
            "dependsOn": [
                "[resourceId('Microsoft.Sql/servers/databases', parameters('servers_winterhackgifi120_name'), 'Winterhack123')]",
                "[resourceId('Microsoft.Sql/servers', parameters('servers_winterhackgifi120_name'))]"
            ],
            "properties": {
                "autoExecuteValue": "Disabled"
            }
        },
        {
            "type": "Microsoft.Sql/servers/databases/advisors",
            "apiVersion": "2014-04-01",
            "name": "[concat(parameters('servers_winterhackgifi120_name'), '/Winterhack123/ForceLastGoodPlan')]",
            "dependsOn": [
                "[resourceId('Microsoft.Sql/servers/databases', parameters('servers_winterhackgifi120_name'), 'Winterhack123')]",
                "[resourceId('Microsoft.Sql/servers', parameters('servers_winterhackgifi120_name'))]"
            ],
            "properties": {
                "autoExecuteValue": "Enabled"
            }
        },
        {
            "type": "Microsoft.Sql/servers/databases/auditingPolicies",
            "apiVersion": "2014-04-01",
            "name": "[concat(parameters('servers_winterhackgifi120_name'), '/Winterhack123/Default')]",
            "location": "East US",
            "dependsOn": [
                "[resourceId('Microsoft.Sql/servers/databases', parameters('servers_winterhackgifi120_name'), 'Winterhack123')]",
                "[resourceId('Microsoft.Sql/servers', parameters('servers_winterhackgifi120_name'))]"
            ],
            "properties": {
                "auditingState": "Disabled"
            }
        },
        {
            "type": "Microsoft.Sql/servers/databases/auditingSettings",
            "apiVersion": "2021-05-01-preview",
            "name": "[concat(parameters('servers_winterhackgifi120_name'), '/Winterhack123/Default')]",
            "dependsOn": [
                "[resourceId('Microsoft.Sql/servers/databases', parameters('servers_winterhackgifi120_name'), 'Winterhack123')]",
                "[resourceId('Microsoft.Sql/servers', parameters('servers_winterhackgifi120_name'))]"
            ],
            "properties": {
                "retentionDays": 0,
                "isAzureMonitorTargetEnabled": false,
                "state": "Disabled",
                "storageAccountSubscriptionId": "00000000-0000-0000-0000-000000000000"
            }
        },
        {
            "type": "Microsoft.Sql/servers/databases/backupLongTermRetentionPolicies",
            "apiVersion": "2021-05-01-preview",
            "name": "[concat(parameters('servers_winterhackgifi120_name'), '/Winterhack123/default')]",
            "dependsOn": [
                "[resourceId('Microsoft.Sql/servers/databases', parameters('servers_winterhackgifi120_name'), 'Winterhack123')]",
                "[resourceId('Microsoft.Sql/servers', parameters('servers_winterhackgifi120_name'))]"
            ],
            "properties": {
                "weeklyRetention": "PT0S",
                "monthlyRetention": "PT0S",
                "yearlyRetention": "PT0S",
                "weekOfYear": 0
            }
        },
        {
            "type": "Microsoft.Sql/servers/databases/backupShortTermRetentionPolicies",
            "apiVersion": "2021-05-01-preview",
            "name": "[concat(parameters('servers_winterhackgifi120_name'), '/Winterhack123/default')]",
            "dependsOn": [
                "[resourceId('Microsoft.Sql/servers/databases', parameters('servers_winterhackgifi120_name'), 'Winterhack123')]",
                "[resourceId('Microsoft.Sql/servers', parameters('servers_winterhackgifi120_name'))]"
            ],
            "properties": {
                "retentionDays": 7,
                "diffBackupIntervalInHours": 12
            }
        },
        {
            "type": "Microsoft.Sql/servers/databases/extendedAuditingSettings",
            "apiVersion": "2021-05-01-preview",
            "name": "[concat(parameters('servers_winterhackgifi120_name'), '/Winterhack123/Default')]",
            "dependsOn": [
                "[resourceId('Microsoft.Sql/servers/databases', parameters('servers_winterhackgifi120_name'), 'Winterhack123')]",
                "[resourceId('Microsoft.Sql/servers', parameters('servers_winterhackgifi120_name'))]"
            ],
            "properties": {
                "retentionDays": 0,
                "isAzureMonitorTargetEnabled": false,
                "state": "Disabled",
                "storageAccountSubscriptionId": "00000000-0000-0000-0000-000000000000"
            }
        },
        {
            "type": "Microsoft.Sql/servers/databases/geoBackupPolicies",
            "apiVersion": "2014-04-01",
            "name": "[concat(parameters('servers_winterhackgifi120_name'), '/Winterhack123/Default')]",
            "location": "East US",
            "dependsOn": [
                "[resourceId('Microsoft.Sql/servers/databases', parameters('servers_winterhackgifi120_name'), 'Winterhack123')]",
                "[resourceId('Microsoft.Sql/servers', parameters('servers_winterhackgifi120_name'))]"
            ],
            "properties": {
                "state": "Disabled"
            }
        },
        {
            "type": "Microsoft.Sql/servers/databases/ledgerDigestUploads",
            "apiVersion": "2021-05-01-preview",
            "name": "[concat(parameters('servers_winterhackgifi120_name'), '/Winterhack123/Current')]",
            "dependsOn": [
                "[resourceId('Microsoft.Sql/servers/databases', parameters('servers_winterhackgifi120_name'), 'Winterhack123')]",
                "[resourceId('Microsoft.Sql/servers', parameters('servers_winterhackgifi120_name'))]"
            ],
            "properties": {}
        },
        {
            "type": "Microsoft.Sql/servers/databases/securityAlertPolicies",
            "apiVersion": "2021-05-01-preview",
            "name": "[concat(parameters('servers_winterhackgifi120_name'), '/Winterhack123/Default')]",
            "dependsOn": [
                "[resourceId('Microsoft.Sql/servers/databases', parameters('servers_winterhackgifi120_name'), 'Winterhack123')]",
                "[resourceId('Microsoft.Sql/servers', parameters('servers_winterhackgifi120_name'))]"
            ],
            "properties": {
                "state": "Disabled",
                "disabledAlerts": [
                    ""
                ],
                "emailAddresses": [
                    ""
                ],
                "emailAccountAdmins": false,
                "retentionDays": 0
            }
        },
        {
            "type": "Microsoft.Sql/servers/databases/transparentDataEncryption",
            "apiVersion": "2021-05-01-preview",
            "name": "[concat(parameters('servers_winterhackgifi120_name'), '/Winterhack123/Current')]",
            "dependsOn": [
                "[resourceId('Microsoft.Sql/servers/databases', parameters('servers_winterhackgifi120_name'), 'Winterhack123')]",
                "[resourceId('Microsoft.Sql/servers', parameters('servers_winterhackgifi120_name'))]"
            ],
            "properties": {
                "state": "Enabled"
            }
        },
        {
            "type": "Microsoft.Sql/servers/databases/vulnerabilityAssessments",
            "apiVersion": "2021-05-01-preview",
            "name": "[concat(parameters('servers_winterhackgifi120_name'), '/Winterhack123/Default')]",
            "dependsOn": [
                "[resourceId('Microsoft.Sql/servers/databases', parameters('servers_winterhackgifi120_name'), 'Winterhack123')]",
                "[resourceId('Microsoft.Sql/servers', parameters('servers_winterhackgifi120_name'))]"
            ],
            "properties": {
                "recurringScans": {
                    "isEnabled": false,
                    "emailSubscriptionAdmins": true,
                    "emails": []
                }
            }
        },
        {
            "type": "Microsoft.Sql/servers/vulnerabilityAssessments",
            "apiVersion": "2021-05-01-preview",
            "name": "[concat(parameters('servers_winterhackgifi120_name'), '/Default')]",
            "dependsOn": [
                "[resourceId('Microsoft.Sql/servers', parameters('servers_winterhackgifi120_name'))]",
                "[resourceId('Microsoft.Storage/StorageAccounts', parameters('storageAccounts_sqlvaakxgkffxeaq5s_name'))]"
            ],
            "properties": {
                "storageContainerPath": "[concat('https://', parameters('storageAccounts_sqlvaakxgkffxeaq5s_name'), '.blob.core.windows.net/vulnerability-assessment/')]",
                "recurringScans": {
                    "isEnabled": true,
                    "emailSubscriptionAdmins": true,
                    "emails": []
                }
            }
        },
        {
            "type": "Microsoft.Storage/storageAccounts/blobServices/containers",
            "apiVersion": "2021-06-01",
            "name": "[concat(parameters('storageAccounts_sqlva55575gaexhqak_name'), '/default/vulnerability-assessment')]",
            "dependsOn": [
                "[resourceId('Microsoft.Storage/storageAccounts/blobServices', parameters('storageAccounts_sqlva55575gaexhqak_name'), 'default')]",
                "[resourceId('Microsoft.Storage/storageAccounts', parameters('storageAccounts_sqlva55575gaexhqak_name'))]"
            ],
            "properties": {
                "immutableStorageWithVersioning": {
                    "enabled": false
                },
                "defaultEncryptionScope": "$account-encryption-key",
                "denyEncryptionScopeOverride": false,
                "publicAccess": "None"
            }
        },
        {
            "type": "Microsoft.Storage/storageAccounts/blobServices/containers",
            "apiVersion": "2021-06-01",
            "name": "[concat(parameters('storageAccounts_sqlvaakxgkffxeaq5s_name'), '/default/vulnerability-assessment')]",
            "dependsOn": [
                "[resourceId('Microsoft.Storage/storageAccounts/blobServices', parameters('storageAccounts_sqlvaakxgkffxeaq5s_name'), 'default')]",
                "[resourceId('Microsoft.Storage/storageAccounts', parameters('storageAccounts_sqlvaakxgkffxeaq5s_name'))]"
            ],
            "properties": {
                "immutableStorageWithVersioning": {
                    "enabled": false
                },
                "defaultEncryptionScope": "$account-encryption-key",
                "denyEncryptionScopeOverride": false,
                "publicAccess": "None"
            }
        }
    ]
}